hashtag,id,author_id,text,like_count,reply_count,retweet_count,quote_count,created_at,lang,mentions
#Qatar2022,1592601212511133696,3254197047,"UffÃ ...ma quando finiscono i mondiali di #Qatar2022 ?
Je stong'aspettann''o Napule!ğŸ˜‚",0,0,0,0,2022-11-15 19:31:32+00:00,it,
#Qatar2022,1592601205595070464,1441282471400673280,"Î— ÎµÎ½Ï„Ï…Ï€Ï‰ÏƒÎ¹Î±ÎºÎ® ÏƒÏÎ¼Ï€Ï„Ï‰ÏƒÎ· Î¼Îµ Ï„Î± Â«Î±ÏƒÏ„Î­ÏÎ¹Î±Â» Ï„Î·Ï‚ Î Î±ÏÎ¯ Î£ÎµÎ½ Î–ÎµÏÎ¼Î­Î½ Ï€Î¿Ï… ÏƒÏ„Î­Î»Î½ÎµÎ¹ Ï„Î¿ ÎœÎ¿Ï…Î½Ï„Î¹Î¬Î» ÏƒÏ„Î±â€¦ Ï‡Î­ÏÎ¹Î± Ï„Î¿Ï… ÎœÎ­ÏƒÎ¹! (video) 
#BNSportsgr #LionelMessi #PSG #WorldCup2022 #Qatar2022 
https://t.co/ynTFx5Cef0",0,0,0,0,2022-11-15 19:31:31+00:00,el,
#Qatar2022,1592601191761838081,1591065849531604994,"Massage and sex in Qatarâ¤ï¸
Massage body to bodyâ¤ï¸â¤ï¸

https://t.co/ueSnHZblZk

#Qatar
#Qatar2022 https://t.co/gA0qLgvIuO",0,0,0,0,2022-11-15 19:31:27+00:00,en,
#Qatar2022,1592601170014412800,2901835883,"#Qatar2022 | NKUNKU ENCIENDE LAS ALARMAS ğŸš¨

Christopher Nkunku se retirÃ³ lesionado en el entrenamiento de #Francia

ğŸ¥ RMC Sport https://t.co/sYRkpJxc2Z",0,0,0,0,2022-11-15 19:31:22+00:00,es,
#Qatar2022,1592601169922523136,1456620452261072896,"Ils Ã©taient en 2018 en Russie, ils sont retenus pour la #CoupeDuMonde #Qatar2022 âš½ï¸ Dans quelle proportion: 
16/26 BelgiqueğŸ‡§ğŸ‡ª IranğŸ‡¹ğŸ‡¯
13/26 Uruguay ğŸ‡ºğŸ‡¾
12/26 Angleterre ğŸ´ó §ó ¢ó ¥ó ®ó §ó ¿ Serbie ğŸ‡¸ğŸ‡®
11/26 Allemagne ğŸ‡©ğŸ‡ª Suisse ğŸ‡¨ğŸ‡­ Danemark ğŸ‡©ğŸ‡° Portugal ğŸ‡µğŸ‡¹ Tunisie ğŸ‡¹ğŸ‡³ Arabie Saoud ğŸ‡¸ğŸ‡¦
10/26 #France ğŸ‡¨ğŸ‡µ ... https://t.co/T0q8Iu1vfE",0,0,0,0,2022-11-15 19:31:22+00:00,fr,
#Qatar2022,1592601156412649477,968203797049769984,"How to identify a whitexican in Qatar 2022  #Qatar2022 #Mexico #WorldCup2022

1.-No respect for other cultures, cultural aprropation as ridicule of them. 

2.-No respect for other religous and political symbols. 

3.- Looks like an spain guy but clearly with merntally illness.",0,1,0,0,2022-11-15 19:31:19+00:00,en,
#Qatar2022,1592601147155812352,1865059608,"#BrasilNasRuas ğŸ‘ y #Argentina esperando #Qatar2022 
O tendrÃ¡n que esperar a la #OTAN",0,0,0,0,2022-11-15 19:31:17+00:00,es,
#Qatar2022,1592601145545031681,1585336194010955781,"Gillingham vs AFC Fylde

â° 4:45:00 PM

Who's going to win?

#FIFAWorldCup #Qatar2022 ğŸ†âš½ï¸",0,0,0,0,2022-11-15 19:31:16+00:00,en,
#Qatar2022,1592601145503059968,1585336194010955781,"Derby vs Torquay

â° 4:45:00 PM

Who's going to win?

#FIFAWorldCup #Qatar2022 ğŸ†âš½ï¸",0,0,0,0,2022-11-15 19:31:16+00:00,en,
#Qatar2022,1592601145415008256,1585336194010955781,"Cambridge United vs Curzon Ashton

â° 4:45:00 PM

Who's going to win?

#FIFAWorldCup #Qatar2022 ğŸ†âš½ï¸",0,0,0,0,2022-11-15 19:31:16+00:00,en,
#Qatar2022,1592601145410822144,1585336194010955781,"Hartlepool vs Solihull Moors

â° 4:45:00 PM

Who's going to win?

#FIFAWorldCup #Qatar2022 ğŸ†âš½ï¸",0,0,0,0,2022-11-15 19:31:16+00:00,en,
#Qatar2022,1592601145402327040,1585336194010955781,"AFC Wimbledon vs Weymouth

â° 4:45:00 PM

Who's going to win?

#FIFAWorldCup #Qatar2022 ğŸ†âš½ï¸",0,0,0,0,2022-11-15 19:31:16+00:00,en,
#Qatar2022,1592601122879197185,230186918,"Ø³Ø¹Ø§Ø¯Ø© Ø£. Ø¯.#Ø®Ø§Ù„Ø¯_Ø¨Ù†_Ø¥Ø¨Ø±Ø§Ù‡ÙŠÙ…_Ø§Ù„Ø³Ù„ÙŠØ·ÙŠ Ù…Ø¯ÙŠØ± Ø¹Ø§Ù… #ÙƒØªØ§Ø±Ø§ ÙŠÙØªØªØ­ ÙÙ†Ø¯Ù‚ #Ù¢Ù¡_Ù‡Ø§ÙŠ_Ø³ØªØ±ÙŠØª_Ø±ÙŠØ²Ø¯Ù†ØªØ³

@Drkalsulaiti @kataraqatar
@roadto2022en @Roadto2022Go @roadto2022news
@roadto2022
#FIFA #World_Cup #Qatar2022
@fifaworldcup

#ÙƒØªØ§Ø±Ø§ #Ù‚Ø·Ø± ğŸ‡¶ğŸ‡¦
#ÙƒØªØ§Ø±Ø§_ÙˆØ¬Ù‡Ø©_Ø«Ù‚Ø§ÙÙŠØ©_Ø³ÙŠØ§Ø­ÙŠØ©
 https://t.co/OeKoZhT01J",0,0,0,0,2022-11-15 19:31:11+00:00,ar,"['2429620166', '353032173', '704275542648819712', '1567884749498204160', '1022056380235018240', '73991669', '138372303']"
#Qatar2022,1592601106664030209,2699174239,#Qatar2022 #QatarWorldCup2022 ğŸ˜ğŸ‡¶ğŸ‡¦ https://t.co/XECe87uGsW,0,0,0,0,2022-11-15 19:31:07+00:00,und,
#Qatar2022,1592601104361357312,1377975342112063493,C'est une dinguerie ! ğŸ˜± #Qatar2022 #Qatar https://t.co/Hg8hIJYUnp,0,0,0,0,2022-11-15 19:31:07+00:00,fr,
#Qatar2022,1592601096697958400,3268342038,"Initial predictions!
Quarter finals:
NED vs ARG
CRO vs BRA
ENG vs FRA
BEL vs POR

Semi finals:
ARG vs BRA
FRA vs BEL

Final:
ARG ğŸ‡¦ğŸ‡· vs FRA ğŸ‡«ğŸ‡·

Winner:
Argentina ğŸ‡¦ğŸ‡·
(though I badly want it to be France, but I somehow don't see a back-to-back happening)

#FIFAWorldCup #Qatar2022",0,1,0,0,2022-11-15 19:31:05+00:00,en,
#Qatar2022,1592601075810414592,1555989425414455298,"Los defensas mÃ¡s Ã©picos para tu Mundial Fantasy Qatar 2022.

@rickdz97 âœ

ğŸ”—Puedes leer el articulo completo en la web.

https://t.co/oWDstEuote

#Qatar2022 #CopaDelMundo #defensasfootballfantasy2022 #bargaindefenders https://t.co/1jKNF5OZM2",0,0,0,0,2022-11-15 19:31:00+00:00,es,
#Qatar2022,1592601054017118209,928683542904700928,"@thecableng @PeterObi @CCSoludo @NgLabour Tinubu is the next president of #Nigeria #NigeriaDecides2023 #endsars. 
#CristianoRonaldo #TheErasTour #iplretentions #Nairobi #tuesdayvibe #Ukraine #Qatar2022 #APCCampaignFlagoff https://t.co/JOGp0Xfjky",0,0,0,0,2022-11-15 19:30:55+00:00,en,"['1954402777', '1050779471731707904', '1038847045249978368', '1529562333751689217']"
#Qatar2022,1592601049428549632,745524289,"Ø³Ø¹Ø§Ø¯Ø© Ø£. Ø¯.#Ø®Ø§Ù„Ø¯_Ø¨Ù†_Ø¥Ø¨Ø±Ø§Ù‡ÙŠÙ…_Ø§Ù„Ø³Ù„ÙŠØ·ÙŠ Ù…Ø¯ÙŠØ± Ø¹Ø§Ù… #ÙƒØªØ§Ø±Ø§ ÙŠÙØªØªØ­ ÙÙ†Ø¯Ù‚ #Ù¢Ù¡_Ù‡Ø§ÙŠ_Ø³ØªØ±ÙŠØª_Ø±ÙŠØ²Ø¯Ù†ØªØ³

@Drkalsulaiti @kataraqatar
@roadto2022en @Roadto2022Go @roadto2022news
@roadto2022
#FIFA #World_Cup #Qatar2022
@fifaworldcup

#ÙƒØªØ§Ø±Ø§ #Ù‚Ø·Ø± ğŸ‡¶ğŸ‡¦
#ÙƒØªØ§Ø±Ø§_ÙˆØ¬Ù‡Ø©_Ø«Ù‚Ø§ÙÙŠØ©_Ø³ÙŠØ§Ø­ÙŠØ©
 https://t.co/33eM6Shw6b",0,0,0,0,2022-11-15 19:30:53+00:00,ar,"['2429620166', '353032173', '704275542648819712', '1567884749498204160', '1022056380235018240', '73991669', '138372303']"
#Qatar2022,1592601049084604416,2944616116,"El Mundial de #Qatar2022 causÃ³ la muerte de muchos trabajadores migrantes. La FIFA gana miles de millones de dÃ³lares pero su presidente, Gianni Infantino, se niega a ofrecer una indemnizaciÃ³n justa a sus familias. Firma y RT #PayUpFIFA #MakeInfantinoPay https://t.co/kQK8jmy9Kc",0,0,0,0,2022-11-15 19:30:53+00:00,es,
#Qatar2022,1592601031682269184,1015663363622408196,"Repitan conmigo:CORRUPCIÃ“N no sÃ³lo es ROBAR.
TambiÃ©n es sobornar, falsificar documentos, mentir, solapar,alcahuetear,persuadir, inmoralidad, complicidad.

HIJUEPUTAS DEJEN DE NORMALIZAR ESTA WEBADA y culpar a Lescovich y Gustavo Alfaro por el tema Colombiano CastilloğŸ¤¦ğŸ»â€â™‚ï¸
#Qatar2022",0,0,0,0,2022-11-15 19:30:49+00:00,es,
#Qatar2022,1592601026519265280,1262820532514365443,"Ay! El Gundial, el Gundial...
#mundial #Qatar2022 #futbol #vestuarios #futbolistas https://t.co/LotfA8Ur5E",0,0,0,0,2022-11-15 19:30:48+00:00,es,
#Qatar2022,1592601016586960897,1023245538815344646,"#UltimaHora 
Lainez es llamado a la concentraciÃ³n de la #SelecciÃ³nMexicana por causa de baja de RaÃºl JimÃ©nez, debido a que no puede llevar el entrenamiento al parejo con el equipo y menos jugar...
Por fin termina la pesadilla. ğŸ‘Œâš½ğŸ†
#Qatar2022
#QatarWorldCup2022",0,0,0,0,2022-11-15 19:30:46+00:00,es,
#Qatar2022,1592601008382742528,1709392466,"DÃ¼nya kupasÄ± iÃ§in PakistanlÄ± hemÅŸehrilerimle Ä°stiÅŸare..

 #Qatar2022 #QatarWorldCup2022 https://t.co/cciENQVF7j",0,0,0,0,2022-11-15 19:30:44+00:00,tr,
#Qatar2022,1592600999897989120,1462164377453404161,#Qatar2022 van a darnos una explicaciÃ³n de las muertes o tenemos que esperar a que pase el mundial?,0,0,0,0,2022-11-15 19:30:42+00:00,es,
#Qatar2022,1592600987180888064,1219851875408846848,"Ø³Ø¹Ø§Ø¯Ø© Ø£. Ø¯.#Ø®Ø§Ù„Ø¯_Ø¨Ù†_Ø¥Ø¨Ø±Ø§Ù‡ÙŠÙ…_Ø§Ù„Ø³Ù„ÙŠØ·ÙŠ Ù…Ø¯ÙŠØ± Ø¹Ø§Ù… #ÙƒØªØ§Ø±Ø§ ÙŠÙØªØªØ­ ÙÙ†Ø¯Ù‚ #Ù¢Ù¡_Ù‡Ø§ÙŠ_Ø³ØªØ±ÙŠØª_Ø±ÙŠØ²Ø¯Ù†ØªØ³

@Drkalsulaiti @kataraqatar
@roadto2022en @Roadto2022Go @roadto2022news
@roadto2022
#FIFA #World_Cup #Qatar2022
@fifaworldcup

#ÙƒØªØ§Ø±Ø§ #Ù‚Ø·Ø± ğŸ‡¶ğŸ‡¦
#ÙƒØªØ§Ø±Ø§_ÙˆØ¬Ù‡Ø©_Ø«Ù‚Ø§ÙÙŠØ©_Ø³ÙŠØ§Ø­ÙŠØ©
 https://t.co/xmEdF8Qin0",0,0,0,0,2022-11-15 19:30:39+00:00,ar,"['2429620166', '353032173', '704275542648819712', '1567884749498204160', '1022056380235018240', '73991669', '138372303']"
#Qatar2022,1592600964862971905,171607585,"Dat Ã©n het feit dat de mensen minder geloven in onze kansen. Timing - wie organiseert het #WK in de winter - speelt zeker, al dicht ik inflatie een kleinere rol toe. Mensen gaan toch kijken, maar nu eerder thuis. #Qatar2022 
 https://t.co/hy8vn8om6v https://t.co/5uJ5ZjLMJ1",0,0,0,0,2022-11-15 19:30:33+00:00,nl,
#Qatar2022,1592600913302413312,270203097,"Mis predicciones: 

ğŸ‡²ğŸ‡½ 1- 2 ğŸ‡µğŸ‡± 

ğŸ‡²ğŸ‡½ 0 - 3 ğŸ‡¦ğŸ‡· 

ğŸ‡²ğŸ‡½ 1 - 1 ğŸ‡¸ğŸ‡¦

#Qatar2022",0,0,0,0,2022-11-15 19:30:21+00:00,es,
#Qatar2022,1592600911209435136,266652243,"Ø³Ø¹Ø§Ø¯Ø© Ø£. Ø¯.#Ø®Ø§Ù„Ø¯_Ø¨Ù†_Ø¥Ø¨Ø±Ø§Ù‡ÙŠÙ…_Ø§Ù„Ø³Ù„ÙŠØ·ÙŠ Ù…Ø¯ÙŠØ± Ø¹Ø§Ù… #ÙƒØªØ§Ø±Ø§ ÙŠÙØªØªØ­ ÙÙ†Ø¯Ù‚ #Ù¢Ù¡_Ù‡Ø§ÙŠ_Ø³ØªØ±ÙŠØª_Ø±ÙŠØ²Ø¯Ù†ØªØ³

@Drkalsulaiti @kataraqatar
@roadto2022en @Roadto2022Go @roadto2022news
@roadto2022
#FIFA #World_Cup #Qatar2022
@fifaworldcup

#ÙƒØªØ§Ø±Ø§ #Ù‚Ø·Ø± ğŸ‡¶ğŸ‡¦
#ÙƒØªØ§Ø±Ø§_ÙˆØ¬Ù‡Ø©_Ø«Ù‚Ø§ÙÙŠØ©_Ø³ÙŠØ§Ø­ÙŠØ©
 https://t.co/c75ilI2Zj2",0,0,0,0,2022-11-15 19:30:20+00:00,ar,"['2429620166', '353032173', '704275542648819712', '1567884749498204160', '1022056380235018240', '73991669', '138372303']"
#Qatar2022,1592600904645099521,1580995529248571408,"Te imaginÃ¡s un EspaÃ±a vs Ecuador ? AsÃ­ lo veo yo: 

MI PREDICCIÃ“N:

EspaÃ±a ğŸ‡ªğŸ‡¸ 
||||||||||||||||||||||||||||||||||| 67,41% 
-
Ecuador ğŸ‡ªğŸ‡¨ 
||||||| 11,78%

Â¿Otra predicciÃ³n? 
Repondeme abajo con 2 paÃ­ses
#Qatar2022",0,0,0,0,2022-11-15 19:30:19+00:00,es,
#Qatar2022,1592600902921490433,1338546450322632707,"Mientras tanto Arturo Vidal es visto en #Qatar2022 
ğŸ¤£ğŸ¤£ğŸ¤£ğŸ¤£ğŸ¤£ğŸ¤£ğŸ¤£ 
https://t.co/gDkBzCkefQ",0,0,0,0,2022-11-15 19:30:19+00:00,es,
#Qatar2022,1592600900492836864,1396201013690916872,ğŸ‡ºğŸ‡¸ cambiÃ³ los colores de su escudo formando la bandera LGBTQ+ en seÃ±al de solidaridad con esa comunidad durante #Qatar2022. https://t.co/4bMr1UJ8Yb,0,0,0,0,2022-11-15 19:30:18+00:00,es,
#Qatar2022,1592600888736354305,1349089800800890882,"ğŸ‡¦ğŸ‡· Lionel Messi has made 995 senior appearances in professional football

ğŸ‘€ Game 1000 could be the World Cup Round of 16
ğŸ† Game 1003 could be...
#WorldCup2022 #Qatar2022 https://t.co/SCQQqHW12q",0,0,0,0,2022-11-15 19:30:15+00:00,en,
#Qatar2022,1592600885573881856,241080365,"#Betis | Â¿Y si al final Fekir sÃ­ que va al Mundial?
#Qatar2022

https://t.co/7vvhQZFXrg",0,0,0,0,2022-11-15 19:30:14+00:00,es,
#Qatar2022,1592600878619709441,1540758435154632705,"#Qatar2022
Vis prezidan federasyon  foutbÃ²l
SÃ©nÃ©gal la, Abdoulaye Sow, retounen
sou blesi Sadio ManÃ© a. Selon li
menm, #Star senegalÃ¨ a pral rate 
premye match koup di mond lan.
Sous @lequipe @JLMagazine1 https://t.co/BVUeV7uBCg",0,0,0,0,2022-11-15 19:30:13+00:00,ht,"['18936161', '1540758435154632705']"
#Qatar2022,1592600877554348033,826815397781467136,"@LaTri arriba a las 23H45 procedente de Madrid en el vuelo QR7479, en minutos estaremos en vivo desde el aeropuerto de Doha.

#Qatar2022 ğŸ‡¶ğŸ‡¦ https://t.co/UBbOfHtYnz",0,0,1,1,2022-11-15 19:30:12+00:00,es,['1131208134977032193']
#Qatar2022,1592600854636376064,390821930,"Rumbo a Qatar: MÃ©xico vs Suecia Â¿dÃ³nde ver y a quÃ© hora? - https://t.co/IfDrELhWqP 
#Noticias #Ãšltimahora #FelizDÃ­a #AlMomento #SelecciÃ³nMexicana #MÃ©xicovsSuecia #Qatar2022",0,0,0,0,2022-11-15 19:30:07+00:00,es,
#Qatar2022,1592600846457483264,1413017897371271168,"Siapa jagoan kamu di FIFA WORLD CUP QATAR 2022 ? 

Taruh pasanganmu di Rollbit.
JOIN NOW
ğŸ‘‡ğŸ‘‡ğŸ‘‡
https://t.co/3IvrZtRLCd

---
#FIFAWorldCup #FIFAWorldCupQatar2022 #WorldCup2022 #Qatar2022 #QatarWorldCup2022 #PialaDunia #FIFA2022 https://t.co/WarnPZbPgB",0,0,0,0,2022-11-15 19:30:05+00:00,in,
#Qatar2022,1592600846038339584,4641084214,"Ø³Ø¹Ø§Ø¯Ø© Ø£. Ø¯.#Ø®Ø§Ù„Ø¯_Ø¨Ù†_Ø¥Ø¨Ø±Ø§Ù‡ÙŠÙ…_Ø§Ù„Ø³Ù„ÙŠØ·ÙŠ Ù…Ø¯ÙŠØ± Ø¹Ø§Ù… #ÙƒØªØ§Ø±Ø§ ÙŠÙØªØªØ­ ÙÙ†Ø¯Ù‚ #Ù¢Ù¡_Ù‡Ø§ÙŠ_Ø³ØªØ±ÙŠØª_Ø±ÙŠØ²Ø¯Ù†ØªØ³

@Drkalsulaiti @kataraqatar
@roadto2022en @Roadto2022Go @roadto2022news
@roadto2022
#FIFA #World_Cup #Qatar2022
@fifaworldcup

#ÙƒØªØ§Ø±Ø§ #Ù‚Ø·Ø± ğŸ‡¶ğŸ‡¦
#ÙƒØªØ§Ø±Ø§_ÙˆØ¬Ù‡Ø©_Ø«Ù‚Ø§ÙÙŠØ©_Ø³ÙŠØ§Ø­ÙŠØ©
 https://t.co/BTmHNfX8rC",0,0,0,0,2022-11-15 19:30:05+00:00,ar,"['2429620166', '353032173', '704275542648819712', '1567884749498204160', '1022056380235018240', '73991669', '138372303']"
#Qatar2022,1592600844125757440,1397478527553916933,"#Qatar2022 #QatarWorldCup2022 #BLEUS 

ğŸ‡«ğŸ‡·  #Benzema : de plus en plus inquiÃ©tant ? 

ğŸ—£ï¸ @clementpernia : ""Ca fait un mois qu'il n'a pas jouÃ©. On est a une semaine du 1er match et il ne peut pas toucher le ballon... Il faut se poser les bonnes questions. C'est assez inquiÃ©tant."" https://t.co/D2eLhQjc3Y",0,0,0,0,2022-11-15 19:30:04+00:00,fr,['1543925660']
#Qatar2022,1592600830842408960,60221388,"ğŸ‡·ğŸ‡¼ @RhadiaSalma is opening doors ğŸ™ŒğŸ¾
#FIFAWorldCup | #Qatar2022 https://t.co/pGClGsIy68",1,0,0,0,2022-11-15 19:30:01+00:00,en,['1309716151191179264']
#Qatar2022,1592600827645943813,236898367,"#Deportivo 
âš½ï¸ğŸ™Fede Cartabia sobre #Qatar2022 â€œEs una pasada pero ha sido construido inhumanamenteâ€
https://t.co/M0lIe6qVha",0,0,0,0,2022-11-15 19:30:01+00:00,es,
#Qatar2022,1592600827054723073,175870200,"#Qatar2022 | El astro argentino aterrizÃ³ en Doha para ponerse a las Ã³rdenes de Leonel Scaloni, previo a su Ãºltimo juego de preparaciÃ³n ante Emiratos Ãrabes Unidos ğŸ‡¦ğŸ‡·
https://t.co/6mAxCNTVfj",0,0,0,0,2022-11-15 19:30:00+00:00,es,
#Qatar2022,1592600826647703553,1591767232182362113,"Offres et bonus Winamax pour la Coupe du Monde #CDM2022 #Qatar2022 #teamparieur 
https://t.co/4j8VJjVgKc",0,0,0,0,2022-11-15 19:30:00+00:00,fr,
#Qatar2022,1592600826593280002,3598705636,Durante #Qatar2022 estaremos presenciando historia en cada uno de los jugadores elegidos con su selecciÃ³nğŸ™ŒğŸ½âš½ï¸ https://t.co/kAbax4cuv4,0,0,0,0,2022-11-15 19:30:00+00:00,es,
#Qatar2022,1592600826563989506,40131441,"Â¡Se rinde ante Messi!

Â¡Lewandowski habla maravillas del astro argentino! 

#Qatar2022 ğŸ†ğŸ‡¶ğŸ‡¦
#ElCanalDelMundial âš½ğŸ‡²ğŸ‡½

https://t.co/fWrfJGtXRE",1,0,1,0,2022-11-15 19:30:00+00:00,es,
#Qatar2022,1592600826509496320,1055130038092345344,"#NickiMinaj revelÃ³ que estrenarÃ¡ un nuevo tema junto a #Maluma y Myriam Fares el cual formarÃ¡ parte de #Qatar2022.ğŸ¶âš½

https://t.co/GFp2QRzPM9",0,0,0,0,2022-11-15 19:30:00+00:00,es,
#Qatar2022,1592600826064777216,301562658,"#EspectÃ¡culos | ""Nunca estuvo en ninguna negociaciÃ³n""  #DuaLipa niega participar en la apertura de #Qatar2022 ğŸ¤ https://t.co/Ap58Eze6td",0,0,0,0,2022-11-15 19:30:00+00:00,es,
#Qatar2022,1592600825850781696,216462016,"Lionel Messi sobre el Mundial #Qatar2022 considera que Brasil, Francia e Inglaterra ""hoy estÃ¡n un poquito por encima del resto"". 

#15Nov https://t.co/SMGISjcZhi",0,0,0,0,2022-11-15 19:30:00+00:00,es,
#Qatar2022,1592600825800425473,1427636885799804931,"ğŸ”¥ Â¡Estos son los equipos con mÃ¡s internacionales en el Mundial de Qatar!

ğŸ¤” Â¿QuiÃ©n crees que es el equipo con mejores jugadores del mundo?

#futbol #bayern #fcbarcelona #mundial #realmadrid #mancity #qatar2022 https://t.co/o0Av1pXo0o",0,0,0,0,2022-11-15 19:30:00+00:00,es,
#Qatar2022,1592600825376886786,1568274054016126976,"La Francia ritrova due avversarie dello scorso Mondiale nel Girone D ğŸ˜²âš”ï¸

#sisaltipster #tquality #sguardoalfuturo #fifaworldcup2022 #qatar2022 #mondiali2022 #mondiali #francia #danimarca #austrlia #tunisia https://t.co/FDq3Bka0ie",0,0,0,0,2022-11-15 19:30:00+00:00,it,
#Qatar2022,1592600825318211584,1425136002868318212,"Estos serÃ¡n los 26 jugadores de @miseleccionmx que llegarÃ¡n a la Copa del Mundo de #Qatar2022.

Por @RobCastanedaC https://t.co/u88v938jxc",0,0,0,0,2022-11-15 19:30:00+00:00,es,"['268361752', '220156611']"
#Qatar2022,1592600825217617921,1447603056359714817,"#NickiMinaj revelÃ³ que estrenarÃ¡ un nuevo tema junto a #Maluma y Myriam Fares el cual formarÃ¡ parte de #Qatar2022.ğŸ¶âš½

https://t.co/n6gO1zpy4Y",0,0,0,0,2022-11-15 19:30:00+00:00,es,
#Qatar2022,1592600824739291136,1447604020462370822,"#NickiMinaj revelÃ³ que estrenarÃ¡ un nuevo tema junto a #Maluma y Myriam Fares el cual formarÃ¡ parte de #Qatar2022.ğŸ¶âš½

https://t.co/zO3gy6WNRm",1,0,0,0,2022-11-15 19:30:00+00:00,es,
#Qatar2022,1592600824496144384,46419690,"#Qatar2022 | El equipo del â€œTataâ€ Martino tiene como objetivo superar la ronda de octavos de final, que ha sido el techo de los mexicanos desde el Mundial de Estados Unidos 1994

https://t.co/71I1H3p3fE",0,0,0,0,2022-11-15 19:30:00+00:00,es,
#Qatar2022,1592600824466636800,164305633,"#Qatar2022 - ğŸ“ ğƒğ€ğ˜ğ’
ğŸ‡¨ğŸ‡² | ğ„ğ«ğ¢ğœ-ğŒğšğ±ğ¢ğ¦ ğ‚ğ¡ğ¨ğ®ğ©ğ¨ ğŒğ¨ğ­ğ¢ğ§ğ  | Bayern MÃ¼nchen (GER)
ğŸŸ©ğŸŸ¥ğŸŸ¨
#FIFAWorldCup @Mr_choupo 

âš ï¸ | Para comprar essa arte em versÃ£o impressa, entre em contato.

Â©ï¸ á´¬Ë¡Ë¡ á´¿á¶¤áµÊ°áµ—Ë¢ á´¿áµ‰Ë¢áµ‰Ê³áµ›áµ‰áµˆ https://t.co/NQ6qjFVb6h",1,0,0,0,2022-11-15 19:30:00+00:00,pt,['249259115']
#Qatar2022,1592600811775098880,1056854588698058752,"ğŸ¤ Le parole di #Danilo in conferenza, parlando della sua crescita nella fase difensiva da quando Ã¨ arrivato alla #Juventus e dell'orgoglio di avere il #Brasile ğŸ‡§ğŸ‡· a ""casa sua"" alla #Continassa
Quanti like per il capitano in pectore (e non solo?) ğŸ‘ğŸ»
ğŸ“¹ By @SimoneDinoi
#Qatar2022 https://t.co/FL1Ygjlco4",4,0,0,0,2022-11-15 19:29:57+00:00,it,['753227402738794497']
#Qatar2022,1592600764891160576,74275260,"Vivo en un paÃ­s maravilloso,pero son unos amargos de mierda,no hay en todo el puto paÃ­s una referencia al mundial de #Qatar2022.Eso si, #espaÃ±a gana dos partidos,salen todos de la cueva y aparece la pasiÃ³n.
Parecen Rasinclub",0,0,0,0,2022-11-15 19:29:46+00:00,es,
#Qatar2022,1592600763695783937,1070019559602704385,"Ø³Ø¹Ø§Ø¯Ø© Ø£. Ø¯.#Ø®Ø§Ù„Ø¯_Ø¨Ù†_Ø¥Ø¨Ø±Ø§Ù‡ÙŠÙ…_Ø§Ù„Ø³Ù„ÙŠØ·ÙŠ Ù…Ø¯ÙŠØ± Ø¹Ø§Ù… #ÙƒØªØ§Ø±Ø§ ÙŠÙØªØªØ­ ÙÙ†Ø¯Ù‚ #Ù¢Ù¡_Ù‡Ø§ÙŠ_Ø³ØªØ±ÙŠØª_Ø±ÙŠØ²Ø¯Ù†ØªØ³

@Drkalsulaiti @kataraqatar
@roadto2022en @Roadto2022Go @roadto2022news
@roadto2022
#FIFA #World_Cup #Qatar2022
@fifaworldcup

#ÙƒØªØ§Ø±Ø§ #Ù‚Ø·Ø± ğŸ‡¶ğŸ‡¦
#ÙƒØªØ§Ø±Ø§_ÙˆØ¬Ù‡Ø©_Ø«Ù‚Ø§ÙÙŠØ©_Ø³ÙŠØ§Ø­ÙŠØ©
 https://t.co/HURu3MWyKB",0,0,0,0,2022-11-15 19:29:45+00:00,ar,"['2429620166', '353032173', '704275542648819712', '1567884749498204160', '1022056380235018240', '73991669', '138372303']"
#Qatar2022,1592600715650043904,420422285,"Ø³Ø¹Ø§Ø¯Ø© Ø£. Ø¯.#Ø®Ø§Ù„Ø¯_Ø¨Ù†_Ø¥Ø¨Ø±Ø§Ù‡ÙŠÙ…_Ø§Ù„Ø³Ù„ÙŠØ·ÙŠ Ù…Ø¯ÙŠØ± Ø¹Ø§Ù… #ÙƒØªØ§Ø±Ø§ ÙŠÙØªØªØ­ ÙÙ†Ø¯Ù‚ #Ù¢Ù¡_Ù‡Ø§ÙŠ_Ø³ØªØ±ÙŠØª_Ø±ÙŠØ²Ø¯Ù†ØªØ³

@Drkalsulaiti @kataraqatar
@roadto2022en @Roadto2022Go @roadto2022news
@roadto2022
#FIFA #World_Cup #Qatar2022
@fifaworldcup

#ÙƒØªØ§Ø±Ø§ #Ù‚Ø·Ø± ğŸ‡¶ğŸ‡¦
#ÙƒØªØ§Ø±Ø§_ÙˆØ¬Ù‡Ø©_Ø«Ù‚Ø§ÙÙŠØ©_Ø³ÙŠØ§Ø­ÙŠØ©
 https://t.co/6qtjjFDEsB",0,0,0,0,2022-11-15 19:29:34+00:00,ar,"['2429620166', '353032173', '704275542648819712', '1567884749498204160', '1022056380235018240', '73991669', '138372303']"
#Qatar2022,1592600692568772609,1249043460952391685,"Mirando el banco de suplentes a una semana del debÃºt en #Qatar2022, JuliÃ¡n #Ãlvarez es el principal candidato a ganarse un lugar en el once durante el mundial. https://t.co/hylDjb0CtX",0,0,0,0,2022-11-15 19:29:28+00:00,es,
#Qatar2022,1592600668534996992,822441365778923520,"Ù¾Ø§Ø³Ø® Ù‚Ø§Ø·Ø¹Ø§Ù†Ù‡ Ú©ÛŒ Ø±ÙˆØ´ Ø¨Ù‡ ÛŒÚ© Ø®Ø¨Ø±Ù†Ú¯Ø§Ø± ÙˆØ·Ù† ÙØ±ÙˆØ´ Ù†Ø´Ø§Ù† Ø¯Ø§Ø¯ Ú©Ù‡ Ø§Ø² Ø®ÛŒÙ„ÛŒ Ø§Ø² Ø§ÛŒØ±Ø§Ù†ÛŒ Ù†Ù…Ø§Ù‡Ø§ Ø§ÛŒØ±Ø§Ù†ÛŒ ØªØ± Ù‡Ø³Øª.
#Ù‚Ø·Ø±2022 
#Qatar2022 https://t.co/la1RgzIJqn",1,0,1,0,2022-11-15 19:29:23+00:00,fa,
#Qatar2022,1592600662877286400,47314634,"Hrvatska reprezentacija odradila je trening uoÄi sutraÅ¡nje prijateljske utakmice protiv Saudijske arabije.
https://t.co/bDGyTvz351

ğŸ“¸ Goran Stanzl/PIXSELL
#Qatar2022 #QatarWorldCup2022 #croatia #soccer #football #caosvima #trening #vatreni @HNS_CFF @lukamodric10 #Katar2022 https://t.co/f38YHm46oa",0,0,0,0,2022-11-15 19:29:21+00:00,und,"['790921536', '3395146167']"
#Qatar2022,1592600636784545794,3362756771,"âš½ Llega #Qatar2022 ğŸ‡¶ğŸ‡¦ y Radio Nacional llevarÃ¡ adelante una cobertura federal, pÃºblica, libre y gratuita para acompaÃ±ar a las argentinas y argentinos que vibrarÃ¡n con cada juego de nuestra SelecciÃ³n

ğŸ‡¦ğŸ‡· #SomosMundiales https://t.co/r94IAeJzmU",0,0,0,0,2022-11-15 19:29:15+00:00,es,
#Qatar2022,1592600631897862144,628489085,"@rfef Â¿A quÃ© legado de #Qatar2022 se refiere Luis Rubiales?  Â¿A la explotaciÃ³n de trabajadores migrantes, a los que han muerto? Â¿A las violaciones de derechos humanos? Lo que tienen que hacer la FIFA y Qatar es empezar por pagar indemnizaciones #PayUpFIFA https://t.co/9TW2XyMAqw",0,0,0,0,2022-11-15 19:29:14+00:00,es,['137415452']
#Qatar2022,1592600592836337665,83114521,"#BoykottQatar2022  #Qatar2022 #QatarWorldCup2022 
Qatar is shit https://t.co/xakVb9I4zO",0,0,0,0,2022-11-15 19:29:05+00:00,hi,
#Qatar2022,1592600573601550336,1385395351633358854,"Mexico vs Poland live stream, TV channel, Start time, team news and how to watch FIFA World Cup Qatar 2022 Game Online.

ğŸ”´Live on: @qatarworldcuphq you can watch live here.

#MEXPOL #WorldCup2022 #Qatar2022
#Poland #FIFAWorldCup #Mexico #FIFA
#QatarWorldCup2022 #WorldCup https://t.co/XQyn4ZMsva",1,0,0,0,2022-11-15 19:29:00+00:00,en,['101074499']
#Qatar2022,1592600545470353408,3473497155,"Desde #MesseFrankfurtArgentina reunimos en nuestras exposiciones a las industrias que mueven el ğŸŒ, por eso te invitamos a ver los prÃ³ximos dÃ­as como cada uno de estos sectores productivos estÃ¡ presente en la #FIFAWorldCup #Qatar2022. Â¡No te lo pierdas!

#MesseEsMundial https://t.co/fUvbEp9jZK",0,0,0,0,2022-11-15 19:28:53+00:00,es,
#Qatar2022,1592600542324617216,1444128123004534784,#MundialQatar2022 #Mundial2022 #Qatar2022 https://t.co/q4GlA0fnGs,0,0,0,0,2022-11-15 19:28:53+00:00,qme,
#Qatar2022,1592600533059399680,2151413563,"Vous souvenez-vous quand vous avez rejoint TwitterÂ ? Moi, ouiÂ ! Et Ã  cette occasion, je recueille des avis sur la #Fifa, le #Football et les #droitsdelhomme. 
https://t.co/Gbp6BmPCQF
#MonAnniversaireTwitter
#CoupeDuMonde2022
#Qatar2022
#qatar
#Doha https://t.co/UFEQBDTUf7",0,0,0,0,2022-11-15 19:28:50+00:00,fr,
#Qatar2022,1592600521713799169,1418887633,On varmasti melkoinen elÃ¤mys tulossa faneillekin nÃ¤istÃ¤ kisoista #Qatar2022 #BoycottQatar2022 https://t.co/Bm8RikbZbW,1,0,0,0,2022-11-15 19:28:48+00:00,fi,
#Qatar2022,1592600517121040384,21856758,"Het WK in #Qatar2022 jaagt gastarbeiders de dood in. De Fifa gaat miljarden dollars verdienen, maar voorzitter Infantino weigert hun gezinnen correct te compenseren. Teken en retweet om compensatie te eisen. #PayUpFIFA #MakeInfantinoPayâ€‹ https://t.co/S7ZyyMDLvH",0,0,0,0,2022-11-15 19:28:47+00:00,nl,
#Qatar2022,1592600503418228736,998632899724406784,#Qatar2022 FFS ğŸ˜„ğŸ˜„ https://t.co/72OcVHTLtd,0,0,0,0,2022-11-15 19:28:43+00:00,und,
#Qatar2022,1592600485575409665,1578179196756582402,"@MauricioEasylog @ceaugolar @eldoctorpelaez @MdeFrancisco12 @IDV_EC @sebabejag @jeimypaola87113 @Alejand90155646 @paulmunoz622 @gabrielpelaeza @CCorrientazos @Sudamericana @josasc @gisselleapa @PipeZarruk @robertomarrugo @julisalazarmeza @pacheandrade @elmago_b @TimoLirri @FALCAO @MurielFutbol @carlos7bacca @_DiegoMiranda @JoelDatos @udsnoexisten @ItalianSerieA @Mariaco03038824 @juan_daceron @SoyJerome_ @luisferpo @LaPelota10ez @trainnerZdg @YanjaneMG @SigfreGomez @CastellanosCami @championgol @alvarezelkin42 @miguelgomeziq @currambis @Sebasruizcasas @orduzrubio @Ivan8754 @hk3och @stevenarce @Inter @sampdoria_en @AUFOficial @tatiananinor @vanguardiacom 5âƒ£ğŸ§µ#100DaysToGo #Qatar2022 
ğŸŒCdM1962ğŸ‡¨ğŸ‡±
Sel/PJ:1âƒ£6âƒ£/3âƒ£2âƒ£
8âƒ£9âƒ£âš½ï¸Pr:2,8G/PJ
4âƒ£âš½ï¸FlÃ³riÃ¡nğŸ‡­ğŸ‡ºGarrincha-VavÃ¡ğŸ‡§ğŸ‡·SÃ¡nchezğŸ‡¨ğŸ‡±Ivanov URSS-Jercovic Yugoeslavia
Final:ğŸ‡§ğŸ‡·3âƒ£-1âƒ£ğŸ‡¨ğŸ‡¿ğŸ†ğŸ‡§ğŸ‡·ğŸŸï¸Nacional
ğŸ“VavÃ¡ 1erğŸ‘Ÿen anotarâš½ï¸en 2 Finales
ğŸ“ğŸ‡¨ğŸ‡´clasifica 1a vez
ğŸ“ğŸ‡ªğŸ‡¸Llega con PuskÃ¡sğŸ‡­ğŸ‡º-SantamarÃ­ağŸ‡ºğŸ‡¾MartÃ­nezğŸ‡µğŸ‡¾ https://t.co/S9yCtNBGGb",2,0,2,0,2022-11-15 19:28:39+00:00,es,"['1291129510553944065', '182191156', '3171885767', '444813339', '468586302', '606494084', '144907444', '1210267063757000707', '1487445434855575553', '742769480', '1371614734982713345', '976841476054441984', '125446996', '270978433', '1000846989008015362', '319740571', '383248517', '109387378', '379519711', '249866670', '58531272', '1064221554', '467634392', '1441629133780373504', '323285331', '21952958', '29926710', '1382393906164273154', '303335031', '1461129181241163776', '64851710', '1280672730942255105', '4770066442', '380144089', '341086989', '198668753', '122393789', '2590505322', '2764496669', '833278560056070144', '1488242550712508422', '327674278', '349849112', '177228057', '114075048', '124450567', '3339704123', '347349823', '553996459', '76664119']"
#Qatar2022,1592600484912762882,1520458977074688000,"SUMO
La Rubia Tarada
#Sumo #rocknacional #argentina #Qatar2022 #Mollo #Pettinatto #Luca #Superman #Daffuncio #LucaNoMurio #LaRubiaTarada https://t.co/N14mHCdaQu",0,0,0,0,2022-11-15 19:28:39+00:00,es,
#Qatar2022,1592600453321478144,928683542904700928,"@Matt_Odili Tinubu is the next president of #Nigeria #NigeriaDecides2023 #endsars. 
#CristianoRonaldo #TheErasTour #iplretentions #Nairobi #tuesdayvibe #Ukraine #Qatar2022 #APCCampaignFlagoff https://t.co/vs9i58AxQL",0,0,0,0,2022-11-15 19:28:31+00:00,en,['2457937479']
#Qatar2022,1592600424976351232,395184832,"Â¿Es posible que exista alguien en el mundo mÃ¡s gilipollas que este tipo?... el presidente de la FIFA GianniInfantino pide un alto al fuego a Rusia y Ucrania solo en el mes que dura el Mundial de #Qatar2022.
#FIFANTINO https://t.co/j1bM2tZd0b",4,0,2,0,2022-11-15 19:28:25+00:00,es,
#Qatar2022,1592600422434623488,705725475965018112,@MailOnline England is clearly the spiritual home of football call off #Qatar2022 and have it Blighty.,0,0,0,0,2022-11-15 19:28:24+00:00,en,['15438913']
#Qatar2022,1592600398766145536,1342054181046255616,"@PSGinMyBlood_of @MookieBarbu Je le veux, je le veux ! ğŸ˜‰ ğŸ‘ğŸ¼  #Qatar2022",0,0,0,0,2022-11-15 19:28:18+00:00,fr,"['1176183327973412868', '841991237502656512']"
#Qatar2022,1592600358546571264,1388923257223589897,"AsÃ­ llega Polonia ğŸ‡µğŸ‡± a #Qatar2022

Porteros

- Nombre (Club / Participaciones con SelecciÃ³n / Goles) 

- Wojciech Szczesny (Juventus ğŸ‡®ğŸ‡¹ / 66 / 0)

- Lukasz Skorupski (Bologna ğŸ‡®ğŸ‡¹ / 7 / 0)

- Kamil Grabara (Copenhagen ğŸ‡©ğŸ‡° / 1 / 0) https://t.co/jAxki1n8QB",0,0,0,1,2022-11-15 19:28:09+00:00,ro,
#Qatar2022,1592600346576457729,759136472,"â³ | ĞˆĞ¾Ñˆ ğŸµ Ğ´Ğ°Ğ½Ğ° Ğ´Ğ¾ ÑÑ‚Ğ°Ñ€Ñ‚Ğ° @FIFAWorldCup Ğ·Ğ° Ñ€ĞµĞ¿Ñ€ĞµĞ·ĞµĞ½Ñ‚Ğ°Ñ†Ğ¸Ñ˜Ñƒ Ğ¡Ñ€Ğ±Ğ¸Ñ˜Ğµ. ğŸ‡·ğŸ‡¸âš¡ï¸ğŸ¦…

#FIFAWorlCup #Qatar2022 https://t.co/QYsKLk2SqY",24,1,2,0,2022-11-15 19:28:06+00:00,sr,['138372303']
#Qatar2022,1592600326313738240,2784142868,"Koke despejÃ³ dudas sobre el posible rol de EspaÃ±a en cuÃ¡nto a un posible enfrentamiento con Brasil

#Qatar2022 https://t.co/PIuEBUi7W5",0,0,0,0,2022-11-15 19:28:01+00:00,es,
#Qatar2022,1592600287818428417,124076299,"Jojo esta 'ilustre' diputada MarÃ­a Clemente @MARIACLEMENTEMX en dÃ­as pasados subiÃ³ a su cuenta de Twitter videos de sus trabajos como sexoservidora.
Representante chilanga en el circo @Mx_Diputados.
#QEPD
#Qatar2022
JimÃ©nez
#Sismo
AIFA
#QatarWorldCup2022
#BuenFin2022
Reforma
Lyle https://t.co/O65c6gm2yU",0,0,0,0,2022-11-15 19:27:52+00:00,es,"['1117124629', '498984649']"
#Qatar2022,1592600285989728256,1511133506977648649,Â¡CINCO DÃAS PARA QUE RUEDE EL BALÃ“N EN LA COPA DEL MUNDO #Qatar2022! ğŸ¤©ğŸ™ŒğŸ¼ https://t.co/ermhmaO3FR,0,0,0,0,2022-11-15 19:27:51+00:00,es,
#Qatar2022,1592600277504643073,1567555940597088261,"Love it, love that the gammons and those backward Kunts ruling Qatar are seething at this, Let them be pissed off . #pride #Qatar2022 https://t.co/QPvhy19KJi",0,0,0,0,2022-11-15 19:27:49+00:00,en,
#Qatar2022,1592600188367278081,1591187157741445122,"Pkoi le barbu de Madrid a ete selectionnÃ© alors qu'il est blessÃ©.
@equipedefrance @fff a cede a la gangrene !
Pas #FiersdetreBleus 
#QatarWorldCup2022 #Qatar2022",0,0,0,0,2022-11-15 19:27:28+00:00,fr,"['2155215398', '835230594']"
#Qatar2022,1592600171187404800,1566947034393096192,"Watch Germany vs Japan Live Stream Free. Watch FIFA World Cup 2022 LIVE on FIFA World Cup Qatar 2022 take place on Nov., 23 at Doha city, Qatar.
 
Live On: @Qatarworldcuphd 

#GERJPN | #GermanyvsJapan #Germany  #Japan 
#FIFAWorldCup #FIFAWorldCupQatar2022 #Qatar2022 #Qatar #FIFA https://t.co/Tac7bNxC5S",2,0,1,0,2022-11-15 19:27:24+00:00,en,['1428446922159759366']
#Qatar2022,1592600140619345920,1204829010481623040,"#Qatar2022 | #ï¸âƒ£

Ã‰stos son los dorsales que llevarÃ¡n los 26 jugadores de la SelecciÃ³n #ArgentinağŸ‡¦ğŸ‡· en sus camisetas durante todo el Mundial. https://t.co/CXKP1vXnYt",0,0,0,0,2022-11-15 19:27:17+00:00,es,
#Qatar2022,1592600135032184832,1230713447861506051,"Qatar 2022, el mundial con mÃ¡s lesionados de la historia. 

#Qatar2022 
#futbol",0,0,0,0,2022-11-15 19:27:15+00:00,es,
#Qatar2022,1592600116237848576,947630858411921408,"Es decir, no veremos ningÃºn partido de PerÃº Premium por seÃ±al abierta pero sÃ­ 2 de Australia. JesÃºs de Nazareth. AhÃ­ estÃ¡ tu narizÃ³n Galeca. 

#ArribaPeru Valera CTM
#Qatar2022 https://t.co/QFdtaTs4RM",2,0,0,0,2022-11-15 19:27:11+00:00,es,
#Qatar2022,1592600101587144704,1582881458599124992,"#Qatar2022âš½| La prÃ³xima Copa Mundial de FÃºtbol tendrÃ¡ lugar en Qatar. Â¡No puedes perderte los detalles de los rivales, fechas y partidos! 

Conoce los equipos que conforman el grupo ""A"" en la siguiente infografÃ­a â¤µï¸

#VenezuelaCreceYAvanza https://t.co/3j2g7KNqLi",0,0,1,1,2022-11-15 19:27:07+00:00,es,
#Qatar2022,1592600084373700608,1470499601488793606,"Fransa CumhurbaÅŸkanÄ±na TÃ¼rkÃ§e tweet attÄ±rmak mÄ± ? 

Bu bÃ¼yÃ¼klÃ¼k halis mi?

ErdoÄŸan/ G20 / #SeyitRiza #Ä°stanbul #Qatar2022 https://t.co/uxSX4XCkbq",0,0,0,0,2022-11-15 19:27:03+00:00,tr,
#Qatar2022,1592600082096214016,1349089800800890882,"Brothers IÃ±aki ğŸ‡¬ğŸ‡­ and Nico ğŸ‡ªğŸ‡¸ Williams both have their eyes on the trophy ğŸ‘€
#tuesdayvibe #WorldCup2022 #Qatar2022 https://t.co/8qSMdnbxdp",0,0,0,0,2022-11-15 19:27:03+00:00,en,
#Qatar2022,1592600078736412679,1585709619627843585,"Croatia 2022 World Cup guide: Key players, injuries, tactics and match prediction #catar #fifa #mundial #qatar #qatar2022 #WorldCup https://t.co/Fpit9dny5c
https://t.co/Fpit9dny5c",0,0,0,0,2022-11-15 19:27:02+00:00,en,
#Qatar2022,1592600069450203136,939814352,ğŸ¤©ğŸ‡µğŸ‡¹ğŸš¨ AsÃ­ fue el primer entrenamiento Cristiano Ronaldo con Portugal de cara a #Qatar2022 ğŸ†ğŸ‡¶ğŸ‡¦ğŸ”¥ https://t.co/kuKHT7WqH2,1,0,0,0,2022-11-15 19:27:00+00:00,es,
#Qatar2022,1592600069244522496,186607467,Gianni Infantino presidente de la FIFA pidiÃ³ este martes un alto el fuego en Ucrania durante el mes que se disputa el mundial #Qatar2022 @ClaroSports https://t.co/SI4sbJin4v,0,0,0,0,2022-11-15 19:27:00+00:00,es,['786249795014844416']
#Qatar2022,1592600045530288128,4704502941,"#Qatar2022 World Cup leaves migrant workers dead. FIFA stands to make billions of dollars, but its President Infantino refuses to compensate their families fairly. Sign &amp; RT to demand #PayUpFIFA #MakeInfantinoPay https://t.co/L5IVA0ffyc",0,0,0,0,2022-11-15 19:26:54+00:00,en,
#Qatar2022,1592600043483455489,123372110,ğŸŒˆMe gustarÃ­a que si @shakira actÃºa al final en la ceremonia de apertura de la @FIFAWorldCup de @FIFAcom en #Qatar2022 las mujeres y personas #LGTBIQ+ğŸ³ï¸â€ğŸŒˆğŸ³ï¸â€âš§ï¸de nuestro planeta tierrağŸŒğŸŒğŸŒdejen de consumir su mÃºsica y de seguirle en redes sociales.#TodoNoVale https://t.co/t03DO7tT0n,0,0,0,0,2022-11-15 19:26:54+00:00,es,"['44409004', '138372303', '140070953']"
#Qatar2022,1592600042443264000,1128351207704207360,@deporteatc #Qatar2022 Alemania,0,0,0,0,2022-11-15 19:26:53+00:00,es,['1306298260823388161']
#Qatar2022,1592600030640209926,524531680,Â¡CONMOVEDOR! Las emotivas palabras de aliento de Byron Castillo hacia sus compaÃ±eros tras quedar afuera de la lista mundialista de Ecuador para #Qatar2022. https://t.co/UgmK5SOWFa,20,3,0,0,2022-11-15 19:26:51+00:00,es,
